"aX","aY","aZ","gX","gY","gZ"
"2.708","0.872","-0.626","-45.288","-34.058","-9.705"
"3.027","0.862","-0.943","-44.8","-41.26","-29.114"
"3.138","0.766","-1.143","-58.044","-40.894","-52.185"
"3.072","0.658","-1.584","-83.13","-27.1","-71.289"
"2.985","0.771","-2.322","-112","-12.512","-79.163"
"2.929","1.148","-2.871","-139.954","-29.236","-80.017"
"2.665","1.3","-2.92","-154.663","-80.017","-91.248"
"2.098","0.761","-2.792","-149.475","-142.151","-117.493"
"1.432","0.029","-2.458","-138.672","-201.599","-132.629"
"0.89","0.123","-1.785","-134.949","-254.15","-120.911"
"0.422","1.248","-1.057","-135.681","-290.649","-94.849"
"-0.272","1.417","-0.327","-135.62","-313.904","-108.948"
"-1.11","0.604","0.428","-150.085","-310.547","-151.672"
"-2.053","0.787","0.963","-170.715","-285.217","-151.978"
"-2.461","1.074","1.345","-152.588","-284.912","-131.47"
"-2.64","0.889","1.902","-125.671","-307.983","-129.456"
"-2.86","0.952","2.292","-120.667","-301.086","-118.286"
"-3.107","0.446","2.543","-95.215","-292.358","-109.131"
"-3.015","-0.335","3.236","-48.523","-305.969","-99.915"
"-2.926","-0.418","3.95","-22.949","-291.626","-66.345"
"-2.658","-0.086","3.847","-25.024","-223.694","-25.513"
"-2.214","0.363","3.903","-34.18","-162.659","3.784"
"-1.837","0.274","3.977","-39.246","-112.976","13.306"
"-1.37","0.395","3.044","-49.561","-41.138","13.672"
"-1.029","-0.024","2.48","-63.293","15.32","5.737"
"-0.657","-0.278","1.958","-80.017","51.697","7.385"
"-0.314","-0.004","0.872","-91.125","101.196","22.583"
"-0.081","0.181","0.238","-95.581","116.455","24.78"
"0.065","-0.013","0.044","-83.618","98.022","17.029"
"0.158","0.086","-0.042","-67.81","70.923","20.813"
"0.277","0.31","0.011","-56.213","52.002","28.137"
"0.32","0.515","0.016","-47.546","38.025","29.846"
"0.333","0.609","0.161","-39.551","24.231","24.902"
"0.328","0.68","0.368","-29.602","10.925","16.663"
"0.284","0.627","0.508","-18.494","4.456","6.226"
"0.189","0.501","0.545","-8.545","3.601","-3.54"
"0.137","0.434","0.565","-2.319","3.052","-9.644"
"0.096","0.345","0.633","1.404","0.977","-13.855"
"0.104","0.239","0.766","3.723","-1.831","-15.686"
"0.105","0.186","0.828","4.7","-0.488","-12.817"
"0.114","0.19","0.77","4.578","3.296","-7.324"
"0.117","0.166","0.764","4.395","2.808","-2.136"
"0.121","0.111","0.76","2.502","0.427","1.465"
"0.141","0.139","0.719","-1.282","-0.549","7.935"
"0.136","0.19","0.723","-3.052","-5.066","13.611"
"0.191","0.23","0.764","-3.174","-12.085","17.639"
"0.143","0.459","1.134","-3.174","-20.813","21.912"
"0.256","0.562","0.813","-4.944","-16.541","17.578"
"0.173","0.467","1.026","1.282","-18.982","6.47"
"0.173","0.235","1.39","4.456","-29.541","0.305"
"0.171","0.374","1.308","5.249","-14.893","4.211"
"0.187","0.409","1.267","3.601","-2.93","5.127"
"0.193","0.44","1.177","-0.488","6.348","2.502"
"0.189","0.412","1.088","-1.892","11.047","0.916"
"0.191","0.37","1.076","-1.282","10.681","-0.793"
"0.207","0.385","1.032","-0.366","10.986","-0.793"
"0.204","0.376","1.001","1.343","11.963","-1.404"
"0.196","0.295","0.995","2.869","12.329","-2.625"
"0.187","0.236","0.971","3.296","13.916","-2.136"
"0.173","0.218","0.912","2.686","15.442","-0.122"
"0.165","0.196","0.926","1.709","14.771","1.77"
"0.161","0.175","0.953","0.488","14.038","3.784"
"0.155","0.153","0.961","-0.427","15.442","6.348"
"0.189","0.212","0.921","-0.671","16.907","9.949"
"0.234","0.312","0.908","-0.549","16.968","13.428"
"0.27","0.376","0.92","-1.221","16.174","13.367"
"0.279","0.373","0.931","-1.892","16.113","10.986"
"0.289","0.358","0.98","-1.343","15.625","8.362"
"0.313","0.374","1.002","-0.366","16.174","7.568"
"0.347","0.391","0.971","1.099","18.127","6.47"
"0.369","0.437","0.953","1.404","19.775","5.615"
"0.371","0.429","0.936","1.77","20.813","2.747"
"0.333","0.365","0.941","2.136","21.423","0"
"0.313","0.291","0.952","1.648","21.729","-0.427"
"0.285","0.316","0.918","1.77","22.522","2.686"
"0.257","0.347","0.855","3.845","22.522","6.775"
"0.254","0.353","0.882","6.653","18.25","8.606"
"0.251","0.403","0.941","8.057","15.137","10.742"
"0.241","0.382","0.916","8.911","15.869","10.681"
"0.235","0.293","0.918","9.338","16.296","9.888"
"0.236","0.331","0.879","8.728","17.822","11.902"
"0.22","0.375","0.839","10.437","18.127","13.245"
"0.201","0.383","0.858","15.198","14.709","11.78"
"0.197","0.441","0.944","19.714","10.132","10.315"
"0.178","0.492","1.011","22.949","8.667","7.874"
"0.144","0.422","1.064","25.146","10.559","3.296"
"0.123","0.376","1.085","25.94","14.038","1.16"
"0.096","0.354","1.059","25.696","19.165","2.319"
"0.074","0.292","1.065","25.696","23.315","3.113"
"0.075","0.318","1.048","25.635","27.405","6.409"
"0.071","0.298","1.028","23.926","32.349","8.972"
"0.056","0.214","0.979","20.996","36.804","10.132"
"0.077","0.218","0.916","18.921","39.734","14.587"
"0.106","0.318","0.87","18.677","40.771","20.264"
"0.132","0.385","0.848","21.057","39.246","21.973"
"0.131","0.411","0.85","23.682","36.987","20.508"
"0.155","0.383","0.908","25.024","33.997","18.921"
"0.177","0.417","0.993","25.146","33.203","18.982"
"0.205","0.449","0.971","24.597","38.269","19.226"
"0.214","0.419","0.932","24.841","43.762","16.846"
"0.246","0.382","0.889","23.743","47.668","14.648"
"0.266","0.372","0.885","20.996","50.232","13.245"
"0.276","0.293","0.906","19.531","52.002","10.681"
"0.28","0.248","0.854","18.005","55.054","9.827"
"0.302","0.276","0.781","17.151","56.702","11.78"
"0.347","0.36","0.811","18.555","53.894","13.245"
"0.37","0.328","0.759","20.569","50.842","12.695"
"0.416","0.382","0.91","21.851","46.265","11.658"
"0.423","0.29","0.828","21.851","50.049","8.179"
"0.43","0.232","0.652","19.592","54.199","6.775"
"0.464","0.247","0.675","16.785","48.34","8.85"
"0.506","0.289","0.752","15.686","41.077","10.498"
"0.524","0.231","0.734","15.747","39.856","8.667"
"0.547","0.177","0.763","14.221","38.086","6.897"
"0.552","0.165","0.75","10.559","37.659","7.08"
"0.579","0.228","0.792","8.606","37.415","8.057"
"0.583","0.213","0.694","9.277","38.574","6.47"
"0.582","0.2","0.71","10.498","35.583","5.371"
"0.569","0.179","0.736","11.719","31.067","4.333"
"","","","","",""
"2.831","-0.266","1.055","-2.93","-19.653","12.329"
"3.226","-0.01","0.986","-4.456","-1.404","10.071"
"3.427","0.397","0.106","-10.498","41.687","1.16"
"3.618","0.735","-1.052","-27.71","80.688","-19.958"
"3.663","0.786","-2.123","-49.561","96.252","-51.819"
"3.533","0.088","-3.073","-65.43","80.383","-97.046"
"3.175","-1.157","-3.81","-79.041","46.082","-135.498"
"2.629","-2.109","-4","-99.976","-0.061","-160.706"
"1.982","-3.834","-4","-127.625","-63.721","-167.847"
"1.411","-2.963","-3.859","-152.832","-144.653","-44.8"
"0.773","-1.02","-3.55","-175.781","-196.228","54.382"
"-0.219","-0.446","-2.776","-196.35","-245.178","68.604"
"-1.39","0.425","-1.366","-236.084","-297.791","68.604"
"-2.838","1.738","-0.156","-270.02","-319.641","95.276"
"-3.728","2.737","0.924","-284.973","-321.289","133.118"
"-3.999","4","2.697","-304.443","-346.497","150.208"
"-3.914","4","3.764","-277.893","-348.022","127.014"
"-3.336","4","4","-195.435","-375.305","-3.113"
"-3.902","3.235","4","-97.9","-344.849","-119.446"
"-3.011","2.044","4","5.676","-175.476","-133.972"
"-2.691","1.781","4","96.069","-68.726","-105.53"
"-2.219","-0.194","3.998","136.414","19.226","-135.193"
"-1.946","-1.512","2.726","128.967","100.403","-163.452"
"-1.521","-2.293","1.259","81.787","166.504","-137.207"
"-0.958","-1.396","0.661","34.18","188.232","-15.198"
"-0.277","-0.316","-0.45","14.221","200.806","78.674"
"0.148","0.587","-1.472","-20.386","208.801","91.37"
"0.508","1.254","-1.42","-31.799","147.095","91.37"
"0.678","1.128","-1.182","-12.512","93.262","59.814"
"0.708","0.807","-0.834","-0.122","56.519","31.25"
"0.676","0.881","-0.595","11.658","35.156","19.653"
"0.621","0.896","-0.69","13.062","29.968","8.789"
"0.578","0.523","-0.679","9.399","21.484","-10.986"
"0.533","0.203","-0.363","4.456","2.319","-20.142"
"0.524","0.046","-0.199","-0.61","-6.714","-14.526"
"0.529","0.128","-0.121","-7.568","-10.437","0.244"
"0.557","0.329","0.181","-16.846","-23.193","14.221"
"0.583","0.6","0.439","-24.536","-33.081","23.071"
"0.571","0.806","0.641","-24.719","-37.415","23.193"
"0.521","0.855","0.839","-18.066","-42.236","15.625"
"0.448","0.768","1.005","-7.568","-44.189","5.066"
"0.374","0.627","1.057","3.113","-42.236","-3.296"
"0.309","0.539","1.108","11.719","-39.063","-8.301"
"0.239","0.405","1.195","17.029","-36.133","-12.39"
"0.195","0.24","1.213","18.799","-29.236","-15.137"
"0.182","0.178","1.25","18.25","-22.034","-12.451"
"0.205","0.207","1.245","17.395","-14.282","-7.202"
"0.219","0.241","1.174","17.212","-6.226","-2.625"
"0.252","0.24","1.123","16.968","-1.282","0.183"
"0.322","0.294","1.136","16.663","0.427","4.822"
"0.333","0.466","1.205","15.686","3.052","10.01"
"0.471","0.55","0.842","10.986","13.672","9.705"
"0.461","0.613","0.72","10.071","14.954","4.272"
"0.489","0.528","0.894","10.376","2.625","-1.099"
"0.452","0.415","0.885","13.611","3.967","-4.761"
"0.447","0.329","0.831","15.198","8.911","-4.883"
"0.447","0.401","0.739","15.076","11.292","-1.038"
"0.46","0.472","0.708","16.418","8.118","1.099"
"0.457","0.465","0.812","17.639","0.977","-0.244"
"0.423","0.372","0.927","16.663","-1.587","-2.38"
"0.392","0.263","0.954","13.489","2.075","-3.113"
"0.381","0.274","0.914","10.193","7.935","0.488"
"0.396","0.337","0.909","8.24","10.559","4.883"
"0.406","0.368","0.938","7.751","10.742","6.775"
"0.414","0.368","0.944","7.08","12.634","7.385"
"0.435","0.393","0.943","6.042","14.709","8.362"
"0.444","0.402","0.933","4.761","17.578","8.85"
"0.454","0.398","0.879","3.418","21.301","8.179"
"0.459","0.468","0.813","2.319","23.865","8.301"
"0.466","0.48","0.808","3.052","22.461","6.592"
"0.464","0.482","0.837","4.15","20.081","3.906"
"0.454","0.472","0.831","5.371","19.714","1.648"
"0.442","0.427","0.806","7.141","19.836","-0.244"
"0.429","0.399","0.837","8.728","18.25","-0.977"
"0.422","0.332","0.846","9.888","17.944","-1.099"
"0.425","0.322","0.817","10.376","19.348","0.061"
"0.428","0.315","0.804","10.193","19.714","1.77"
"0.426","0.255","0.807","9.949","19.592","2.136"
"0.422","0.236","0.799","9.949","19.958","3.235"
"0.42","0.254","0.754","11.047","20.264","5.31"
"0.417","0.271","0.751","13.123","18.188","6.714"
"0.414","0.288","0.79","15.808","14.221","7.935"
"0.413","0.297","0.823","19.104","11.719","8.606"
"0.409","0.309","0.849","22.522","10.01","9.033"
"0.407","0.272","0.858","25.452","9.216","8.789"
"0.422","0.24","0.858","25.94","10.01","9.277"
"0.436","0.213","0.899","23.071","11.536","10.925"
"0.449","0.208","0.898","17.944","16.479","12.817"
"0.468","0.249","0.834","13.123","23.315","15.259"
"0.493","0.327","0.77","10.559","27.039","17.273"
"0.504","0.396","0.755","10.437","27.039","17.273"
"0.51","0.439","0.749","13","25.024","15.686"
"0.519","0.46","0.718","16.846","23.01","13.367"
"0.512","0.435","0.737","20.996","19.104","11.169"
"0.511","0.42","0.758","24.963","15.991","9.644"
"0.519","0.471","0.738","27.954","15.137","9.705"
"0.526","0.473","0.729","29.907","14.343","7.629"
"0.511","0.399","0.755","29.663","12.878","3.723"
"0.489","0.33","0.751","27.161","13.855","1.526"
"0.464","0.291","0.751","24.17","15.32","1.953"
"0.445","0.266","0.764","20.691","16.541","3.113"
"0.43","0.253","0.762","18.799","17.578","5.493"
"0.426","0.267","0.745","17.212","18.555","8.301"
"0.42","0.308","0.75","15.32","18.616","11.23"
"0.432","0.363","0.803","14.404","17.212","13.245"
"0.444","0.441","0.824","13.245","18.005","14.282"
"0.458","0.456","0.818","10.986","21.057","12.329"
"0.468","0.415","0.803","9.705","23.621","8.972"
"0.475","0.359","0.758","8.789","25.879","6.531"
"0.485","0.344","0.695","7.141","27.771","6.104"
"0.491","0.362","0.666","7.69","26.245","6.287"
"0.498","0.368","0.713","9.949","21.362","5.615"
"0.496","0.379","0.788","11.719","17.7","4.761"
"0.491","0.404","0.839","13.977","16.785","4.272"
"0.487","0.418","0.849","15.93","18.127","3.296"
"0.479","0.398","0.849","16.846","19.47","1.343"
"0.463","0.316","0.861","16.907","20.447","-0.61"
"0.449","0.246","0.86","15.503","22.278","-0.854"
"0.451","0.264","0.813","14.771","24.963","1.343"
"","","","","",""
"2.368","-0.523","-0.915","-30.762","8.423","-32.288"
"2.711","-0.486","-1.325","-39.917","2.991","-34.18"
"2.861","-0.56","-1.686","-47.913","-8.484","-39.551"
"2.843","-0.961","-1.983","-52.673","-22.339","-53.65"
"2.665","-1.414","-2.1","-61.462","-41.565","-60.12"
"2.541","-1.537","-2.324","-65.796","-62.988","-50.049"
"2.454","-1.213","-2.355","-62.5","-101.44","-23.132"
"2.216","-0.898","-1.979","-66.833","-145.325","-5.737"
"1.927","-0.587","-1.489","-83.801","-175.049","-3.357"
"1.575","0.038","-1.199","-114.99","-184.326","-4.761"
"0.994","0.441","-1.07","-164.307","-173.157","-20.813"
"0.139","0.799","-0.579","-227.722","-162.17","-43.823"
"-0.891","1.632","-0.173","-280.457","-152.771","-52.673"
"-2.083","1.783","-0.236","-302.307","-134.46","-52.49"
"-3.236","2.384","0.377","-276.917","-174.377","-31.372"
"-3.412","3.52","1.865","-200.745","-291.138","29.48"
"-2.875","3.963","3.255","-103.516","-385.315","43.579"
"-3.007","2.293","4","-47.058","-392.578","-36.987"
"-2.833","0.369","4","-16.968","-351.013","-66.956"
"-1.982","0.783","4","26.123","-266.296","-5.371"
"-1.484","1.88","4","37.537","-143.25","57.312"
"-1.097","1.045","4","5.737","-22.522","25.879"
"-0.929","0.419","3.699","-31.921","92.896","1.465"
"-0.658","0.265","1.578","-57.739","209.29","5.737"
"-0.34","0.556","0.214","-67.383","244.568","19.836"
"-0.023","0.937","-0.611","-53.772","221.619","30.945"
"0.202","0.876","-1.324","-27.954","189.575","22.949"
"0.312","0.449","-1.43","-2.197","133.606","8.85"
"0.379","0.442","-0.962","17.334","71.045","7.935"
"0.392","0.372","-0.411","27.649","29.541","9.521"
"0.341","0.32","-0.244","26.733","18.86","8.362"
"0.408","0.503","-0.11","13.977","15.076","14.404"
"0.455","0.496","-0.026","0.61","10.803","13.916"
"0.5","0.429","-0.106","-8.362","10.498","10.498"
"0.547","0.442","-0.09","-12.817","3.967","10.498"
"0.614","0.44","0.125","-16.541","-7.996","9.033"
"0.661","0.505","0.36","-21.423","-15.381","7.935"
"0.678","0.658","0.494","-24.841","-15.259","7.996"
"0.639","0.692","0.597","-23.743","-15.32","3.784"
"0.584","0.64","0.736","-20.386","-19.409","-2.38"
"0.519","0.6","0.873","-16.235","-22.766","-6.348"
"0.461","0.557","0.948","-11.963","-22.217","-9.705"
"0.393","0.477","1.017","-7.996","-20.752","-13.062"
"0.324","0.331","1.085","-3.479","-19.409","-16.418"
"0.272","0.231","1.135","0.732","-16.907","-15.869"
"0.264","0.244","1.13","4.333","-12.451","-10.498"
"0.275","0.256","1.124","7.08","-8.606","-5.371"
"0.297","0.291","1.116","7.751","-5.432","-1.953"
"0.355","0.335","1.098","7.874","-1.77","0.366"
"0.403","0.359","1.017","7.019","4.028","1.282"
"0.444","0.38","0.856","5.31","11.658","1.404"
"0.474","0.448","0.733","3.235","15.32","1.404"
"0.488","0.53","0.683","2.991","13.306","0.793"
"0.482","0.518","0.678","6.287","8.484","-2.563"
"0.459","0.44","0.667","12.634","3.296","-6.836"
"0.435","0.413","0.655","18.982","-1.099","-8.057"
"0.423","0.411","0.707","23.071","-6.836","-7.446"
"0.406","0.373","0.817","25.085","-12.146","-7.751"
"0.393","0.32","0.922","24.78","-12.817","-7.751"
"0.394","0.32","0.972","23.315","-9.094","-6.042"
"0.396","0.348","0.946","21.423","-3.662","-3.967"
"0.398","0.314","0.944","19.47","-0.427","-3.601"
"0.404","0.259","0.994","15.747","2.014","-3.235"
"0.414","0.253","0.988","11.169","7.935","-1.099"
"0.425","0.25","0.926","7.629","14.465","1.404"
"0.433","0.247","0.833","4.7","19.714","3.906"
"0.458","0.308","0.754","0.977","22.461","7.629"
"0.485","0.387","0.77","-2.075","20.874","10.315"
"0.492","0.396","0.8","-3.845","19.348","9.888"
"0.498","0.4","0.736","-3.113","19.897","9.216"
"0.503","0.449","0.731","-0.732","17.639","9.705"
"0.516","0.503","0.773","1.77","12.817","9.094"
"0.508","0.49","0.769","5.066","10.803","5.676"
"0.493","0.393","0.791","7.935","8.667","0.916"
"0.484","0.364","0.847","9.949","6.653","-0.061"
"0.472","0.367","0.87","11.475","7.324","0.427"
"0.462","0.319","0.861","12.146","9.949","-0.183"
"0.462","0.296","0.827","10.315","12.695","-0.183"
"0.462","0.266","0.784","6.226","15.747","0.305"
"0.462","0.239","0.764","2.686","16.724","0.732"
"0.461","0.248","0.71","1.831","16.541","2.502"
"0.478","0.262","0.674","3.845","13.977","4.211"
"0.494","0.276","0.691","7.202","8.728","5.31"
"0.507","0.297","0.727","10.254","3.967","6.104"
"0.512","0.312","0.73","12.756","1.526","5.859"
"0.507","0.3","0.76","14.648","-0.854","4.883"
"0.497","0.252","0.798","17.029","-3.296","3.723"
"0.483","0.243","0.837","18.25","-4.15","4.395"
"0.472","0.262","0.886","17.639","-3.54","6.104"
"0.457","0.27","0.909","15.686","-0.61","7.019"
"0.442","0.246","0.907","12.207","3.479","7.385"
"0.437","0.253","0.908","8.24","7.874","9.46"
"0.445","0.324","0.874","6.226","12.146","13"
"0.456","0.396","0.815","5.432","15.686","14.771"
"0.474","0.443","0.779","6.042","15.869","13.977"
"0.492","0.469","0.784","6.226","14.893","11.902"
"0.504","0.469","0.784","5.31","14.771","8.911"
"0.491","0.439","0.75","4.639","16.541","5.615"
"0.479","0.363","0.713","4.578","17.212","2.686"
"0.471","0.337","0.696","5.615","16.235","2.869"
"0.468","0.341","0.678","7.996","14.404","4.7"
"0.467","0.333","0.683","10.01","12.146","6.409"
"0.473","0.345","0.734","11.047","9.094","8.606"
"0.486","0.396","0.77","11.536","8.179","10.925"
"0.491","0.426","0.757","12.024","9.399","11.597"
"0.501","0.441","0.771","11.658","9.644","11.23"
"0.511","0.49","0.81","10.742","9.705","11.169"
"0.514","0.524","0.829","10.254","11.414","10.01"
"0.513","0.536","0.823","9.521","14.099","7.141"
"0.506","0.529","0.832","8.789","15.625","3.784"
"0.492","0.482","0.841","8.85","17.09","0.366"
"0.468","0.429","0.845","8.789","18.86","-1.587"
"0.446","0.402","0.82","9.338","20.691","-1.77"
"0.434","0.377","0.818","11.292","20.63","-1.16"
"0.421","0.39","0.854","13.489","18.982","0.122"
"0.411","0.419","0.869","16.052","18.921","1.77"
"0.401","0.405","0.857","19.348","20.02","2.563"
"0.389","0.369","0.846","22.034","20.874","3.479"
"0.385","0.371","0.812","23.804","21.851","5.615"
"","","","","",""
"2.551","-0.476","-0.567","4.7","7.935","-4.7"
"2.74","-0.614","-0.965","13.123","-1.953","-8.179"
"2.796","-0.955","-1.456","6.958","-3.052","-16.785"
"2.743","-1.248","-1.84","-21.912","-4.517","-23.499"
"2.655","-1.436","-1.906","-54.993","-15.076","-21.667"
"2.438","-1.518","-2.104","-75.928","-26.245","-8.362"
"2.182","-1.439","-2.445","-88.379","-36.072","10.681"
"2.025","-0.573","-2.445","-103.394","-69.458","40.222"
"1.765","0.48","-2.091","-118.408","-121.582","57.739"
"1.259","0.644","-1.567","-138.306","-161.011","25.513"
"0.58","0.266","-1.073","-169.067","-178.467","-14.587"
"-0.096","1.063","-0.489","-219.36","-183.105","-17.822"
"-1.027","1.182","-0.337","-251.099","-175.415","-30.762"
"-1.941","1.151","-0.277","-248.23","-182.983","-36.377"
"-2.434","1.868","0.23","-228.516","-227.6","-7.263"
"-2.993","2.916","0.894","-198.425","-277.832","39.612"
"-3.119","3.62","1.833","-148.926","-323.303","54.321"
"-2.728","3.528","3.856","-84.29","-393.738","11.292"
"-3.045","2.268","4","-35.034","-413.086","-38.452"
"-2.202","1.092","4","6.592","-294.556","-52.979"
"-1.69","1.828","4","38.757","-141.846","-5.371"
"-1.282","1.186","4","43.274","-23.926","-6.836"
"-0.961","0.188","3.457","28.992","70.007","-35.156"
"-0.735","-0.387","1.682","-5.92","173.523","-35.95"
"-0.375","-0.51","-0.138","-50.72","245.361","-20.874"
"0.058","0.003","-1.182","-79.895","240.662","10.437"
"0.392","0.557","-1.69","-85.693","194.275","34.302"
"0.559","0.925","-1.866","-71.899","136.475","35.889"
"0.578","1.033","-1.451","-41.626","64.209","27.832"
"0.514","0.805","-0.722","-10.437","-1.038","11.414"
"0.43","0.764","0.005","12.756","-42.114","6.348"
"0.389","0.748","0.461","25.635","-53.223","4.15"
"0.35","0.573","0.612","24.658","-41.077","-3.662"
"0.339","0.353","0.607","9.399","-22.034","-10.803"
"0.354","0.21","0.546","-11.169","-4.211","-12.024"
"0.402","0.177","0.456","-29.419","8.423","-7.751"
"0.495","0.361","0.353","-41.077","15.32","-0.183"
"0.562","0.617","0.325","-43.03","13.062","5.859"
"0.605","0.72","0.432","-36.194","3.662","3.784"
"0.59","0.75","0.564","-24.048","-5.066","-1.831"
"0.529","0.694","0.71","-11.841","-12.939","-8.789"
"0.47","0.594","0.835","-2.319","-19.287","-15.747"
"0.396","0.509","0.908","6.226","-22.827","-20.508"
"0.321","0.359","1.001","13.428","-25.391","-25.024"
"0.257","0.231","1.092","17.822","-26.001","-26.733"
"0.213","0.153","1.14","18.738","-22.095","-24.536"
"0.187","0.115","1.142","18.555","-16.174","-19.897"
"0.208","0.068","1.144","18.677","-11.658","-14.221"
"0.263","0.094","1.136","18.188","-6.653","-6.592"
"0.329","0.173","1.07","16.357","0.488","0.671"
"0.389","0.272","0.924","13.672","8.728","5.92"
"0.438","0.377","0.79","12.085","13.306","9.155"
"0.468","0.444","0.733","11.047","12.573","9.521"
"0.485","0.469","0.716","9.766","10.437","7.69"
"0.484","0.468","0.659","10.559","9.155","5.554"
"0.488","0.457","0.631","11.902","6.165","4.028"
"0.49","0.443","0.666","13.489","0.977","2.991"
"0.478","0.441","0.71","14.709","-2.441","2.502"
"0.47","0.413","0.761","16.174","-5.493","1.892"
"0.467","0.378","0.835","16.052","-8.118","1.709"
"0.451","0.341","0.896","14.465","-7.751","2.258"
"0.458","0.306","0.912","12.756","-4.883","4.272"
"0.465","0.316","0.891","10.742","-1.465","7.324"
"0.484","0.332","0.842","7.263","2.563","10.01"
"0.489","0.34","0.815","3.357","5.981","11.658"
"0.503","0.364","0.766","-0.183","9.033","13.245"
"0.515","0.405","0.728","-3.418","10.742","14.587"
"0.544","0.462","0.681","-6.531","11.23","15.015"
"0.569","0.541","0.664","-10.315","10.681","14.282"
"0.584","0.561","0.695","-13.123","8.484","11.414"
"0.589","0.545","0.703","-13.184","7.019","7.69"
"0.591","0.568","0.67","-10.986","5.92","5.615"
"0.583","0.566","0.623","-8.423","3.784","3.052"
"0.564","0.511","0.665","-7.08","-0.854","-0.488"
"0.554","0.479","0.76","-6.226","-5.188","-2.38"
"0.534","0.442","0.809","-4.822","-5.92","-3.662"
"0.509","0.376","0.784","-3.723","-3.296","-5.066"
"0.493","0.327","0.761","-4.211","-1.221","-4.761"
"0.468","0.301","0.732","-4.333","-0.854","-2.991"
"0.452","0.275","0.72","-1.953","-2.686","-1.16"
"0.447","0.267","0.766","1.526","-7.08","0.916"
"0.447","0.257","0.815","4.517","-10.193","3.174"
"0.445","0.261","0.819","5.798","-9.949","5.432"
"0.443","0.296","0.808","5.981","-9.216","7.874"
"0.443","0.342","0.815","6.531","-9.949","9.399"
"0.436","0.384","0.849","9.46","-12.268","9.644"
"0.432","0.396","0.894","12.634","-14.282","8.24"
"0.427","0.418","0.967","14.648","-14.587","6.714"
"0.415","0.406","0.999","15.93","-11.536","4.822"
"0.4","0.338","0.973","15.808","-5.798","2.197"
"0.383","0.28","0.946","14.282","-1.221","1.648"
"0.385","0.289","0.936","12.451","1.709","3.906"
"0.385","0.319","0.929","10.437","5.31","6.531"
"0.391","0.329","0.898","8.789","9.521","8.057"
"0.402","0.352","0.861","6.836","13.489","9.888"
"0.428","0.422","0.787","4.456","16.724","12.39"
"0.456","0.496","0.7","2.563","18.86","13.611"
"0.481","0.531","0.658","0.671","17.761","12.329"
"0.485","0.525","0.644","-0.244","15.198","9.705"
"0.489","0.499","0.609","0.244","13.733","7.324"
"0.487","0.495","0.563","1.465","12.024","6.592"
"0.49","0.538","0.536","2.014","8.484","6.714"
"0.478","0.547","0.585","2.563","2.93","4.944"
"0.47","0.49","0.681","3.357","-2.258","1.587"
"0.456","0.456","0.754","2.563","-3.418","0.244"
"0.447","0.433","0.78","0.793","-1.343","0.549"
"0.447","0.419","0.75","-1.709","1.587","1.099"
"0.457","0.454","0.684","-3.418","3.601","2.563"
"0.456","0.459","0.697","-3.784","2.258","2.93"
"0.453","0.432","0.731","-2.991","0.366","2.014"
"0.455","0.437","0.737","-2.136","0.977","2.38"
"0.465","0.474","0.725","-2.075","1.892","3.479"
"0.461","0.494","0.681","-2.563","2.136","3.479"
"0.458","0.486","0.698","-2.625","0.183","1.831"
"0.452","0.447","0.756","-1.465","-3.113","0.122"
"0.437","0.4","0.772","-0.305","-3.662","-0.793"
"0.414","0.368","0.763","0.305","-2.563","-0.549"
"0.397","0.337","0.757","0.488","-2.014","0.305"
"0.39","0.363","0.765","0.793","-2.808","2.38"
"","","","","",""
"2.263","-0.39","-0.077","18.127","1.526","-22.766"
"2.53","-0.441","-0.405","0.488","9.216","-25.574"
"2.915","-0.563","-1.089","-19.287","23.132","-31.189"
"3.305","-0.675","-2.1","-46.021","37.048","-35.156"
"3.407","-0.881","-3.001","-85.754","33.569","-40.649"
"3.271","-1.377","-3.307","-117.004","-1.282","-53.284"
"2.994","-1.9","-3.36","-111.633","-57.007","-71.045"
"2.582","-2.776","-3.558","-80.505","-119.141","-92.041"
"2.028","-2.938","-3.21","-49.316","-195.068","-13.428"
"1.62","-1.696","-2.257","-51.697","-266.663","71.472"
"1.093","0.052","-1.453","-66.101","-309.509","123.962"
"0.219","1.195","-0.63","-70.068","-339.233","119.751"
"-0.556","1.583","0.864","-64.575","-381.958","78.369"
"-0.978","2.023","2.426","-90.393","-380.005","36.621"
"-1.787","3.573","1.933","-169.678","-263.489","23.804"
"-2.888","3.575","0.411","-256.226","-143.127","-63.293"
"-3.653","2.719","0.733","-285.889","-151.55","-145.752"
"-3.62","2.216","1.946","-247.986","-228.21","-145.203"
"-3.367","2.418","2.637","-159.241","-272.217","-102.905"
"-3.663","2.069","4","-66.406","-313.11","-75.439"
"-2.683","1.393","4","22.949","-320.007","-55.481"
"-2.065","1.612","4","95.52","-266.724","-9.46"
"-1.691","0.576","4","106.384","-155.823","-10.437"
"-1.464","-0.338","4","60.608","-12.268","-22.522"
"-1.246","-0.434","3.758","-12.268","142.822","-5.554"
"-0.921","-0.112","2.059","-84.473","270.325","8.789"
"-0.497","0.28","0.638","-124.878","332.642","15.259"
"-0.183","0.698","-0.736","-118.713","345.825","20.752"
"0.074","0.771","-1.932","-92.529","323.914","14.587"
"0.23","0.703","-2.416","-58.716","246.948","3.357"
"0.35","0.62","-1.676","-24.048","136.169","-0.244"
"0.39","0.381","-0.898","5.005","58.411","-6.287"
"0.278","0.27","-0.505","25.33","29.907","-4.517"
"0.248","0.22","-0.305","30.457","18.921","-0.061"
"0.287","0.238","-0.08","22.522","8.118","2.563"
"0.33","0.101","0.137","7.507","3.052","0.488"
"0.362","-0.093","0.211","-12.756","11.658","-2.075"
"0.415","-0.029","0.121","-33.875","26.978","5.005"
"0.506","0.27","0.071","-46.387","31.189","18.25"
"0.602","0.642","0.238","-48.828","20.691","26.794"
"0.641","0.861","0.461","-39.246","7.019","25.024"
"0.628","0.871","0.595","-23.865","-1.465","13.916"
"0.563","0.78","0.765","-9.705","-9.094","2.686"
"0.488","0.648","0.928","0","-14.587","-5.859"
"0.384","0.503","0.966","8.728","-13.916","-11.841"
"0.303","0.33","0.976","16.113","-13.855","-15.747"
"0.264","0.171","1.006","20.935","-16.174","-16.174"
"0.248","0.075","1.078","22.705","-17.761","-12.39"
"0.265","0.046","1.093","21.79","-14.893","-5.188"
"0.313","0.093","1.065","18.433","-8.484","3.54"
"0.356","0.23","0.977","14.587","-1.465","12.939"
"0.397","0.332","0.902","12.512","2.319","18.494"
"0.427","0.437","0.875","12.878","2.502","20.63"
"0.454","0.548","0.893","14.282","1.221","20.874"
"0.44","0.555","0.945","15.198","-0.061","16.296"
"0.421","0.47","1.009","15.137","0.793","9.338"
"0.396","0.429","0.997","14.282","6.348","5.615"
"0.392","0.423","0.923","14.465","12.878","4.211"
"0.388","0.421","0.907","16.174","15.381","2.197"
"0.409","0.367","0.93","18.738","15.625","0"
"0.424","0.311","0.886","19.348","19.348","-0.671"
"0.434","0.278","0.75","16.724","25.879","0.488"
"0.458","0.26","0.576","13.489","29.236","2.808"
"0.5","0.274","0.557","10.986","23.254","6.165"
"0.516","0.284","0.584","8.118","16.663","9.094"
"0.529","0.288","0.569","3.113","15.198","11.047"
"0.531","0.339","0.526","-3.052","15.076","13.428"
"0.542","0.408","0.499","-7.874","12.329","15.442"
"0.552","0.456","0.512","-10.559","6.165","15.015"
"0.546","0.458","0.61","-10.62","-1.343","12.573"
"0.544","0.456","0.721","-10.193","-6.348","10.376"
"0.536","0.489","0.83","-10.071","-7.874","9.338"
"0.52","0.511","0.888","-10.437","-5.92","7.202"
"0.493","0.496","0.854","-11.475","-2.38","4.517"
"0.47","0.425","0.888","-10.925","-2.686","1.343"
"0.47","0.351","1","-8.85","-5.188","-0.366"
"0.477","0.343","1.008","-6.653","-1.526","0.427"
"0.478","0.368","0.903","-4.578","6.165","1.77"
"0.477","0.374","0.808","-2.808","10.376","2.197"
"0.503","0.351","0.76","-1.282","9.949","1.77"
"0.506","0.338","0.642","-0.488","9.583","1.404"
"0.513","0.299","0.59","-0.366","6.042","0.549"
"0.505","0.257","0.658","-0.366","-1.343","0.061"
"0.498","0.203","0.735","0.427","-6.104","0"
"0.495","0.182","0.751","1.16","-6.897","0.977"
"0.494","0.239","0.75","0.732","-6.531","4.272"
"0.498","0.331","0.75","-0.488","-6.531","7.385"
"0.488","0.379","0.758","-1.465","-8.057","7.385"
"0.464","0.359","0.813","-0.671","-11.414","4.761"
"0.438","0.344","0.916","1.587","-14.526","2.991"
"0.419","0.343","0.981","4.7","-13.794","2.991"
"0.402","0.342","1.001","8.911","-10.681","3.418"
"0.384","0.357","1.001","12.695","-6.47","3.845"
"0.373","0.366","0.989","14.771","-2.441","4.272"
"0.366","0.358","0.928","14.587","1.282","4.822"
"0.384","0.338","0.907","13.367","3.235","5.737"
"0.391","0.329","0.914","10.132","4.822","7.08"
"0.41","0.377","0.86","7.202","9.827","9.399"
"0.408","0.406","0.799","6.348","14.099","10.681"
"0.405","0.377","0.782","5.005","15.503","9.766"
"0.408","0.382","0.739","2.258","17.273","10.559"
"0.447","0.46","0.632","-1.038","19.043","13.123"
"0.461","0.516","0.628","-3.601","15.869","13.062"
"0.479","0.494","0.681","-5.859","11.169","10.071"
"0.483","0.484","0.696","-6.836","10.681","7.996"
"0.485","0.507","0.673","-6.775","12.024","7.202"
"0.489","0.546","0.629","-5.066","12.085","6.836"
"0.496","0.554","0.603","-2.747","9.705","5.371"
"0.494","0.529","0.654","-0.732","5.005","2.686"
"0.493","0.503","0.711","1.709","2.075","0.916"
"0.488","0.491","0.717","3.967","2.502","0.122"
"0.48","0.475","0.713","5.127","3.723","-0.549"
"0.473","0.45","0.723","4.761","4.028","-1.221"
"0.453","0.408","0.692","3.967","4.15","-1.648"
"0.442","0.391","0.709","3.723","2.319","-1.282"
"0.438","0.403","0.782","4.761","-0.916","-0.061"
"0.428","0.393","0.837","6.897","-2.319","0.61"
"0.422","0.384","0.856","7.751","-1.099","1.465"
"0.411","0.413","0.851","7.996","0.671","3.174"
"","","","","",""
"2.123","0.208","-0.962","-33.386","37.598","-8.301"
"2.299","0.066","-1.291","-39.978","30.151","-23.376"
"2.426","-0.102","-1.682","-40.283","17.395","-37.354"
"2.418","-0.353","-2.045","-42.236","4.211","-49.377"
"2.328","-0.738","-1.989","-48.401","-25.818","-58.533"
"2.16","-1.146","-1.63","-51.636","-62.195","-58.716"
"2.012","-1.378","-1.388","-49.561","-84.351","-50.476"
"1.873","-1.33","-1.363","-44.434","-93.506","-30.518"
"1.706","-0.891","-1.344","-41.199","-110.657","-1.282"
"1.553","-0.392","-1.003","-48.218","-140.076","14.16"
"1.344","-0.19","-0.594","-62.744","-160.645","8.728"
"1.117","-0.147","-0.447","-85.266","-162.109","-3.235"
"0.917","-0.009","-0.637","-118.286","-149.353","-8.484"
"0.549","0.034","-0.702","-160.95","-142.7","-10.681"
"0.201","0.509","-0.538","-205.994","-146.057","-7.263"
"-0.473","0.746","-0.228","-234.375","-153.442","-8.667"
"-1.292","0.742","0.008","-221.68","-168.701","-7.08"
"-1.89","0.881","0.593","-172.791","-214.539","11.902"
"-2.091","1.99","1.209","-112.549","-271.362","58.044"
"-2.099","3.12","1.747","-64.88","-302.734","92.712"
"-1.908","3.177","2.672","-29.785","-326.111","61.523"
"-1.58","2.387","3.66","-12.146","-327.393","1.099"
"-1.593","1.826","4","-33.447","-270.081","-28.687"
"-1.57","1.406","3.981","-61.34","-164.978","-33.997"
"-1.24","1.406","3.272","-66.04","-76.416","-22.583"
"-1.011","1.431","2.842","-51.819","-32.654","-13.306"
"-0.759","0.858","2.591","-25.574","-7.812","-25.452"
"-0.552","0.468","2.207","-4.272","20.325","-28.687"
"-0.359","0.361","1.622","-2.075","57.251","-18.25"
"-0.203","0.357","1.029","-12.695","86.731","-9.338"
"-0.066","0.366","0.67","-24.902","95.703","-3.174"
"0.071","0.406","0.478","-34.668","94.849","1.77"
"0.171","0.482","0.228","-37.659","94.177","7.324"
"0.264","0.566","-0.149","-35.339","93.567","9.583"
"0.318","0.692","-0.375","-29.053","79.834","9.277"
"0.332","0.645","-0.237","-20.02","49.744","2.747"
"0.319","0.494","0.055","-10.742","23.743","-5.554"
"0.283","0.366","0.132","-4.639","13.855","-9.216"
"0.279","0.266","0.255","-4.578","8.24","-8.362"
"0.304","0.271","0.41","-10.193","3.54","-3.113"
"0.34","0.245","0.511","-16.846","4.272","0.122"
"0.366","0.228","0.516","-22.766","9.583","3.723"
"0.4","0.24","0.476","-28.137","14.038","9.155"
"0.423","0.309","0.444","-32.532","14.771","15.686"
"0.453","0.422","0.454","-33.386","10.925","21.484"
"0.451","0.521","0.505","-29.907","4.028","24.658"
"0.46","0.58","0.599","-25.208","-3.723","24.475"
"0.468","0.646","0.719","-20.142","-11.78","23.071"
"0.475","0.728","0.786","-14.771","-16.296","20.447"
"0.479","0.757","0.81","-9.827","-18.799","14.709"
"0.459","0.658","0.841","-5.615","-21.667","5.432"
"0.43","0.526","0.896","-2.991","-24.414","-2.197"
"0.414","0.466","0.931","-0.366","-24.536","-4.7"
"0.396","0.445","0.909","2.747","-22.095","-4.333"
"0.376","0.424","0.907","6.714","-21.423","-3.54"
"0.368","0.44","0.97","12.817","-23.682","-1.892"
"0.362","0.495","1.027","19.226","-25.269","0.427"
"0.359","0.516","1.057","23.987","-24.17","1.282"
"0.357","0.523","1.092","26.428","-22.217","0.793"
"0.353","0.541","1.116","25.635","-18.921","0.183"
"0.332","0.538","1.129","22.644","-13.184","-1.465"
"0.312","0.443","1.141","17.517","-6.104","-4.272"
"0.293","0.522","1.069","11.536","2.38","-4.883"
"0.286","0.391","1.003","7.812","8.667","-9.216"
"0.282","0.327","0.941","7.69","11.841","-7.751"
"0.321","0.434","0.904","6.531","13.489","-0.183"
"0.354","0.517","0.884","4.333","14.954","3.662"
"0.381","0.504","0.823","2.625","17.761","2.014"
"0.39","0.466","0.707","1.16","21.423","0.427"
"0.396","0.435","0.614","0.793","21.729","0.793"
"0.418","0.448","0.598","0.732","17.151","2.808"
"0.439","0.508","0.63","0.366","12.39","5.493"
"0.474","0.592","0.692","-0.122","9.155","6.958"
"0.463","0.628","0.681","-0.244","8.728","5.676"
"0.457","0.632","0.704","-0.488","6.775","2.808"
"0.445","0.596","0.761","-1.831","3.479","-0.122"
"0.431","0.559","0.857","-2.625","1.465","-1.892"
"0.407","0.527","0.929","-2.258","2.869","-2.991"
"0.383","0.484","0.907","-1.038","7.996","-3.418"
"0.363","0.456","0.871","1.038","11.658","-2.747"
"0.351","0.459","0.908","3.296","11.719","-1.587"
"0.342","0.437","0.968","4.761","12.268","-1.099"
"0.331","0.424","0.928","5.249","17.395","-0.305"
"0.347","0.47","0.842","3.967","24.048","1.587"
"0.346","0.514","0.788","3.54","25.818","2.625"
"0.337","0.473","0.796","6.165","23.499","1.16"
"0.345","0.463","0.783","9.644","21.24","0.366"
"0.339","0.432","0.776","13.428","20.203","0.183"
"0.339","0.408","0.756","16.418","20.081","1.221"
"0.335","0.451","0.716","18.616","20.386","3.906"
"0.323","0.465","0.69","22.278","17.639","4.395"
"0.311","0.433","0.709","27.344","13.062","3.174"
"0.303","0.427","0.743","32.41","9.338","3.784"
"0.282","0.418","0.754","36.987","8.118","4.944"
"0.264","0.388","0.768","39.612","7.812","5.859"
"0.265","0.39","0.806","39.185","7.69","7.812"
"0.256","0.42","0.855","36.804","9.46","10.742"
"0.256","0.434","0.906","32.715","13.367","12.573"
"0.269","0.455","0.907","28.503","20.386","14.648"
"0.279","0.626","0.807","25.574","28.32","17.7"
"0.292","0.659","0.744","22.766","32.043","15.137"
"0.293","0.659","0.794","21.545","30.212","11.108"
"0.293","0.687","0.842","21.606","29.297","9.338"
"0.319","0.687","0.796","22.705","32.654","6.653"
"0.32","0.672","0.755","24.414","34.18","3.052"
"0.312","0.647","0.777","25.269","31.921","0.183"
"0.296","0.568","0.849","25.818","29.907","-2.93"
"0.268","0.47","0.893","26.306","30.579","-4.517"
"0.247","0.418","0.904","27.344","32.715","-2.441"
"0.235","0.439","0.921","28.076","34.668","2.075"
"0.209","0.467","0.932","29.175","37.17","6.958"
"0.216","0.51","0.917","30.396","39.795","10.986"
"0.233","0.571","0.904","31.738","41.626","14.16"
"0.269","0.547","0.922","32.043","42.664","13.733"
"0.278","0.491","0.907","30.396","45.288","11.353"
"0.306","0.462","0.881","27.649","49.316","11.353"
"0.333","0.484","0.864","24.597","52.124","12.39"
"0.336","0.504","0.835","23.193","54.443","12.146"
"0.34","0.495","0.803","23.743","55.603","10.437"
"","","","","",""
"2.27","-0.973","-0.23","-22.888","-46.204","-15.991"
"2.514","-0.999","-0.2","-38.33","-45.349","-7.263"
"2.622","-1.008","-0.487","-55.725","-24.719","-2.869"
"2.597","-0.88","-1.07","-74.524","3.784","-2.38"
"2.446","-0.569","-1.62","-83.923","11.597","-2.625"
"2.152","-0.656","-1.868","-75.012","-14.465","-12.207"
"1.837","-0.966","-1.855","-55.42","-63.782","-21.79"
"1.558","-0.911","-1.73","-43.213","-113.892","-11.169"
"1.294","-0.659","-1.435","-52.307","-151.123","4.333"
"0.679","-0.629","-1.08","-76.477","-172.119","10.071"
"0.224","0.13","-0.63","-106.262","-179.749","22.461"
"-0.242","0.65","-0.205","-145.325","-183.167","26.855"
"-0.851","0.563","0.034","-159.668","-183.716","7.385"
"-1.225","0.652","0.216","-181.458","-185.791","7.812"
"-1.428","1.517","0.207","-220.642","-181.519","43.396"
"-1.57","2.537","0.002","-262.878","-166.077","74.402"
"-1.84","2.997","0.041","-286.377","-164.185","67.749"
"-2.158","2.999","0.57","-276.733","-194.885","39.124"
"-2.134","3.021","1.384","-240.112","-237.305","30.579"
"-1.844","3.508","2.357","-184.875","-276.367","42.358"
"-1.532","3.859","3.196","-104.187","-304.199","39.917"
"-1.093","3.334","3.754","-5.615","-314.148","-1.099"
"-0.984","2.112","4","77.332","-297.791","-58.228"
"-0.957","0.584","4","110.962","-234.436","-104.553"
"-0.896","-0.699","4","103.882","-124.084","-120.056"
"-0.815","-1.295","3.575","66.833","5.798","-104.492"
"-0.556","-1.271","2.693","16.602","126.038","-65.186"
"-0.503","-0.632","1.152","-21.912","219.788","-1.221"
"-0.111","-0.006","0.501","-33.875","228.027","52.49"
"0.04","0.819","-0.044","-41.077","216.553","88.013"
"0.285","1.262","-0.401","-32.898","187.317","92.041"
"0.329","1.216","-0.625","-19.836","152.466","69.519"
"0.374","1.054","-0.6","-9.094","107.605","41.748"
"0.39","0.752","-0.215","-2.686","62.378","17.578"
"0.378","0.624","0.105","1.16","37.72","4.822"
"0.358","0.474","0.208","1.77","34.668","-2.014"
"0.345","0.288","0.265","-5.066","37.048","-5.432"
"0.386","0.235","0.323","-18.555","39.185","-1.465"
"0.471","0.347","0.277","-34.607","46.936","8.118"
"0.557","0.494","0.109","-47.241","57.312","16.479"
"0.617","0.565","-0.051","-52.002","59.631","20.264"
"0.646","0.624","-0.112","-48.828","50.354","23.682"
"0.664","0.736","-0.052","-40.527","32.349","28.076"
"0.644","0.863","0.05","-27.649","11.597","29.968"
"0.633","0.987","0.132","-13.916","-7.507","26.489"
"0.589","1.041","0.318","-2.38","-28.381","17.334"
"0.529","0.928","0.566","8.484","-48.035","2.686"
"0.464","0.744","0.771","18.372","-58.777","-10.742"
"0.409","0.609","0.896","25.024","-61.157","-18.433"
"0.368","0.512","1","27.283","-57.922","-20.874"
"0.333","0.401","1.144","24.292","-52.368","-21.729"
"0.326","0.303","1.23","17.944","-40.344","-19.653"
"0.34","0.292","1.18","11.658","-22.034","-12.817"
"0.364","0.376","0.999","7.812","-4.333","-4.089"
"0.393","0.485","0.901","6.409","3.479","1.77"
"0.406","0.519","0.933","9.216","2.502","3.479"
"0.409","0.525","0.921","14.099","2.869","3.784"
"0.423","0.588","0.846","17.212","5.432","5.859"
"0.432","0.678","0.807","18.188","5.127","6.775"
"0.436","0.707","0.847","19.409","1.709","3.601"
"0.429","0.659","0.888","21.24","0.427","-2.136"
"0.406","0.576","0.874","24.353","2.563","-7.141"
"0.387","0.47","0.809","27.588","5.981","-10.193"
"0.382","0.398","0.767","30.457","6.836","-9.766"
"0.387","0.376","0.779","32.654","4.883","-6.226"
"0.404","0.369","0.824","33.02","5.005","-1.77"
"0.421","0.42","0.758","30.701","9.277","1.648"
"0.433","0.426","0.7","25.391","13.55","3.967"
"0.465","0.457","0.689","17.212","14.587","6.714"
"0.486","0.485","0.751","9.155","14.038","9.216"
"0.5","0.496","0.777","2.747","17.212","10.01"
"0.517","0.499","0.727","-1.221","22.644","10.01"
"0.523","0.523","0.659","-2.38","26.001","9.888"
"0.549","0.576","0.604","-0.793","24.231","9.521"
"0.566","0.607","0.603","2.625","18.494","7.446"
"0.549","0.566","0.663","5.127","12.451","2.686"
"0.537","0.499","0.725","7.202","8.911","-1.404"
"0.523","0.473","0.77","9.338","8.545","-2.625"
"0.499","0.462","0.756","12.207","10.376","-3.052"
"0.483","0.413","0.666","15.076","13.123","-4.028"
"0.482","0.372","0.635","16.357","11.23","-3.967"
"0.475","0.37","0.686","15.869","7.019","-2.075"
"0.465","0.348","0.719","14.771","6.104","-1.526"
"0.438","0.314","0.717","13.672","8.057","-0.977"
"0.41","0.303","0.658","12.634","10.193","0.854"
"0.417","0.337","0.582","13.367","9.644","4.578"
"0.411","0.401","0.615","15.564","2.014","8.118"
"0.42","0.43","0.729","19.592","-7.324","9.155"
"0.416","0.427","0.816","24.048","-11.23","8.606"
"0.417","0.427","0.845","27.344","-9.277","8.606"
"0.412","0.433","0.831","29.541","-5.737","9.155"
"0.391","0.432","0.806","29.358","-1.709","9.399"
"0.391","0.464","0.808","27.771","0.366","10.132"
"0.386","0.505","0.851","26.245","1.465","10.62"
"0.374","0.515","0.888","25.452","5.005","9.46"
"0.359","0.521","0.862","25.757","10.498","8.972"
"0.357","0.536","0.787","26.123","15.869","9.338"
"0.35","0.539","0.756","25.146","17.212","9.399"
"0.362","0.514","0.763","23.804","16.174","8.911"
"0.354","0.505","0.784","21.79","16.663","9.155"
"0.339","0.497","0.783","19.592","19.47","9.888"
"0.311","0.493","0.751","18.738","22.4","11.047"
"0.287","0.504","0.735","19.409","22.705","13.184"
"0.262","0.541","0.771","20.63","20.691","15.991"
"0.259","0.584","0.823","23.499","18.616","18.738"
"0.262","0.623","0.867","28.442","17.578","20.569"
"0.289","0.658","0.876","34.241","19.104","21.301"
"0.314","0.724","0.877","39.612","21.362","21.362"
"0.324","0.713","0.863","43.274","24.963","17.761"
"0.322","0.613","0.83","43.579","29.907","11.475"
"0.313","0.574","0.805","40.344","35.4","9.644"
"0.316","0.617","0.81","37.109","38.757","11.169"
"0.317","0.633","0.797","36.682","41.138","10.681"
"0.316","0.61","0.77","38.879","42.358","8.118"
"0.305","0.556","0.796","42.847","39.795","5.737"
"0.326","0.515","0.833","48.645","35.095","5.859"
"0.323","0.518","0.886","55.115","31.738","7.08"
"0.309","0.5","0.919","61.279","30.212","8.057"
"0.316","0.501","0.855","67.932","31.433","9.46"
"","","","","",""
"2.032","-0.323","-0.644","-16.052","-21.423","-15.625"
"2.159","-0.355","-0.76","-23.376","-26.489","-16.296"
"2.142","-0.343","-0.893","-29.846","-29.114","-16.052"
"2.045","-0.433","-1.041","-33.569","-33.63","-21.667"
"1.889","-0.68","-1.053","-36.743","-46.143","-32.654"
"1.806","-0.969","-1.097","-37.17","-61.279","-36.682"
"1.79","-1.041","-1.242","-38.635","-75.745","-25.146"
"1.795","-0.942","-1.362","-38.879","-96.863","-5.249"
"1.788","-0.703","-1.34","-47.241","-123.047","12.024"
"1.711","-0.096","-1.164","-72.266","-142.334","24.536"
"1.454","0.473","-0.957","-118.408","-142.029","20.569"
"0.933","0.399","-0.917","-176.514","-121.826","-9.277"
"0.24","0.084","-1.146","-237.854","-89.722","-33.691"
"-0.531","0.401","-1.445","-283.264","-72.144","-19.226"
"-1.296","1.216","-1.577","-292.725","-93.506","15.32"
"-2.131","1.742","-1.15","-278.687","-160.156","31.128"
"-2.989","2.145","-0.146","-260.986","-245.85","39.063"
"-3.233","2.818","1.255","-245.056","-330.444","67.383"
"-2.852","3.921","2.464","-221.802","-390.869","101.807"
"-2.065","4","3.669","-197.266","-423.096","86.121"
"-1.996","3.901","4","-171.448","-408.813","31.555"
"-1.523","2.921","4","-131.714","-335.083","-28.625"
"-0.896","2.32","4","-56.213","-204.102","-53.04"
"-0.696","1.892","3.994","8.728","-74.768","-66.772"
"-0.63","0.835","2.86","56.335","7.874","-106.262"
"-0.654","-0.744","2.223","61.829","52.307","-149.841"
"-0.578","-1.695","1.678","25.146","97.839","-160.889"
"-0.433","-1.584","0.879","-24.17","149.353","-126.587"
"-0.142","-0.599","0.118","-59.998","177.612","-13.672"
"0.14","0.54","-0.176","-69.763","164.124","64.514"
"0.318","0.977","-0.124","-63.721","125.854","68.665"
"0.387","1.03","-0.06","-47.546","94.604","50.11"
"0.384","1.04","-0.125","-28.503","72.449","34.851"
"0.332","0.823","-0.143","-13.916","52.124","16.907"
"0.262","0.483","0.033","-5.005","30.518","0.305"
"0.226","0.247","0.364","-1.404","15.991","-6.287"
"0.26","0.182","0.569","-2.502","16.968","-3.967"
"0.312","0.356","0.725","-5.249","30.151","4.028"
"0.352","0.374","0.514","-8.606","49.255","8.911"
"0.409","0.37","0.293","-11.658","56.885","11.353"
"0.473","0.532","0.173","-12.39","52.307","22.644"
"0.545","0.773","0.163","-8.789","38.635","33.02"
"0.58","0.844","0.191","-2.014","24.475","31.799"
"0.578","0.845","0.189","6.104","10.986","25.635"
"0.575","0.94","0.169","12.878","-2.747","21.973"
"0.544","0.97","0.263","17.639","-20.264","14.404"
"0.511","0.842","0.448","21.179","-37.354","0.305"
"0.459","0.66","0.568","24.597","-46.021","-12.939"
"0.371","0.477","0.602","27.161","-47.729","-22.339"
"0.325","0.313","0.649","26.55","-48.828","-26.733"
"0.291","0.247","0.789","23.926","-52.673","-24.658"
"0.277","0.237","0.981","20.752","-54.993","-18.982"
"0.277","0.24","1.107","18.25","-50.049","-12.39"
"0.276","0.256","1.166","16.846","-39.856","-5.249"
"0.306","0.311","1.203","16.052","-28.992","1.77"
"0.352","0.419","1.185","14.221","-16.235","8.606"
"0.376","0.522","1.112","11.23","-0.732","11.963"
"0.403","0.574","0.96","11.597","13.794","10.071"
"0.395","0.494","0.757","18.127","22.4","5.554"
"0.397","0.638","0.609","27.344","19.958","3.601"
"0.427","0.548","0.638","29.846","10.437","-5.066"
"0.405","0.265","0.738","32.654","2.808","-16.113"
"0.406","0.218","0.761","32.776","1.404","-10.437"
"0.431","0.314","0.757","31.921","1.526","0.427"
"0.456","0.375","0.776","29.114","1.77","5.493"
"0.469","0.351","0.793","24.719","3.357","6.165"
"0.472","0.336","0.753","19.836","7.751","7.629"
"0.485","0.389","0.682","15.32","12.024","11.414"
"0.5","0.438","0.664","12.146","11.658","13.794"
"0.519","0.46","0.714","9.705","8.423","14.221"
"0.539","0.506","0.781","7.629","7.263","14.465"
"0.568","0.559","0.809","5.554","8.728","14.221"
"0.587","0.606","0.795","4.211","10.803","12.817"
"0.598","0.625","0.761","5.127","10.315","9.46"
"0.604","0.587","0.767","6.165","7.263","4.517"
"0.592","0.526","0.792","6.836","5.127","0.549"
"0.57","0.454","0.78","6.409","6.226","-1.465"
"0.561","0.417","0.711","4.517","9.705","-1.465"
"0.559","0.426","0.655","2.075","10.864","-0.305"
"0.555","0.432","0.666","-0.061","8.362","0.244"
"0.544","0.398","0.692","-2.686","6.836","-0.61"
"0.523","0.375","0.667","-5.31","7.874","-0.732"
"0.514","0.376","0.609","-7.324","8.85","0.61"
"0.516","0.439","0.546","-7.324","6.042","2.869"
"0.522","0.505","0.599","-5.493","-2.563","3.845"
"0.521","0.504","0.731","-2.991","-11.23","1.282"
"0.502","0.477","0.79","1.038","-12.756","-1.404"
"0.49","0.485","0.727","5.31","-9.766","-2.441"
"0.464","0.469","0.675","7.324","-8.545","-3.784"
"0.449","0.439","0.698","8.606","-12.329","-5.493"
"0.43","0.413","0.775","11.597","-17.334","-6.775"
"0.399","0.356","0.825","14.282","-17.761","-8.301"
"0.359","0.27","0.858","13.672","-14.587","-8.972"
"0.335","0.227","0.901","10.376","-11.108","-6.104"
"0.338","0.272","0.916","4.944","-5.92","-0.305"
"0.35","0.365","0.892","-0.244","-0.61","5.005"
"0.362","0.427","0.908","-2.747","1.587","7.507"
"0.377","0.431","0.928","-2.563","3.479","7.019"
"0.379","0.445","0.926","-1.526","7.324","7.019"
"0.384","0.455","0.872","-0.549","13.245","7.446"
"0.4","0.497","0.796","-0.183","18.616","8.484"
"0.407","0.501","0.717","-0.854","21.667","7.812"
"0.405","0.486","0.635","-1.16","22.461","6.47"
"0.417","0.455","0.636","-1.709","18.921","5.127"
"0.431","0.477","0.668","-2.38","15.015","6.226"
"0.446","0.525","0.666","-2.808","13.611","7.69"
"0.454","0.53","0.656","-3.052","13.428","7.324"
"0.464","0.506","0.616","-3.54","12.512","6.47"
"0.44","0.5","0.613","-4.272","9.521","6.47"
"0.453","0.488","0.693","-3.418","3.174","6.287"
"0.466","0.526","0.796","-1.465","0","7.263"
"0.481","0.564","0.825","1.038","1.831","7.568"
"0.497","0.596","0.802","3.723","6.042","6.714"
"0.501","0.616","0.779","5.31","8.179","5.188"
"0.501","0.601","0.781","6.348","8.057","2.808"
"0.501","0.574","0.821","6.714","7.324","0.977"
"0.505","0.57","0.856","7.446","7.935","0.488"
"0.501","0.579","0.844","8.362","11.108","0.366"
"0.498","0.581","0.812","8.911","14.099","0.122"
"","","","","",""
"2.293","-0.243","-1.175","9.277","-16.052","-1.587"
"2.528","-0.334","-1.579","-2.075","-18.738","-5.127"
"2.574","-0.453","-1.725","-17.944","-29.846","-12.085"
"2.44","-0.795","-1.549","-32.837","-48.767","-23.071"
"2.357","-1.105","-1.472","-43.945","-60.913","-26.672"
"2.358","-0.92","-1.762","-48.584","-64.209","-13.489"
"2.169","-0.594","-1.992","-48.706","-76.66","-1.953"
"1.927","-0.642","-1.924","-54.626","-105.042","-7.935"
"1.666","-0.573","-1.675","-75.378","-131.714","-11.963"
"1.393","-0.105","-1.434","-108.032","-144.409","-4.761"
"1.041","0.317","-1.289","-139.282","-149.353","-4.7"
"0.615","0.466","-1.191","-174.744","-151.123","-18.372"
"0.128","0.775","-1.054","-230.225","-145.203","-26.062"
"-0.547","1.343","-0.917","-287.17","-138.977","-24.658"
"-1.372","1.615","-0.967","-312.744","-142.334","-25.818"
"-2.343","1.462","-0.773","-296.082","-177.429","-28.931"
"-3.065","1.723","-0.089","-253.54","-251.587","-9.155"
"-3.398","2.562","0.955","-195.679","-340.332","64.697"
"-3.036","4","2.209","-135.376","-409.973","138.855"
"-2.447","4","3.67","-89.05","-448.547","69.031"
"-2.748","3.892","4","-74.097","-433.777","-20.874"
"-2.217","2.509","4","-67.017","-343.079","-84.473"
"-1.473","2.004","4","-40.405","-200.317","-83.191"
"-1.268","1.737","4","-1.648","-57.556","-70.435"
"-1.089","0.489","3.238","36.682","38.879","-100.769"
"-1.024","-0.714","2.577","44.25","84.778","-123.108"
"-0.868","-1.335","2.046","30.579","121.033","-114.929"
"-0.597","-1.262","1.148","15.381","166.382","-52.002"
"-0.277","-0.385","0.476","2.441","182.8","35.278"
"0.094","0.544","0.114","-8.911","172.424","85.388"
"0.366","1.108","-0.233","-18.494","160.645","93.384"
"0.525","1.309","-0.628","-21.362","147.461","78.308"
"0.556","1.192","-0.794","-14.221","118.042","52.185"
"0.515","0.877","-0.589","-2.991","75.134","26.001"
"0.502","0.634","-0.333","8.728","42.053","12.268"
"0.488","0.526","-0.203","16.541","26.062","8.179"
"0.483","0.427","-0.056","15.442","16.663","4.517"
"0.498","0.341","0.084","8.728","11.475","2.747"
"0.555","0.304","0.135","0.549","11.414","4.944"
"0.522","0.165","0.156","-7.874","13.611","9.399"
"0.578","0.398","0.182","-15.869","11.414","23.804"
"0.59","0.591","0.281","-22.095","5.554","33.203"
"0.594","0.736","0.322","-24.048","-1.343","34.546"
"0.585","0.85","0.402","-21.24","-11.108","32.471"
"0.558","0.851","0.494","-15.808","-22.827","24.902"
"0.512","0.844","0.641","-7.324","-36.133","16.785"
"0.464","0.779","0.854","2.502","-48.462","7.874"
"0.43","0.604","0.958","11.169","-50.476","-2.93"
"0.385","0.454","0.995","16.846","-45.776","-9.216"
"0.358","0.39","1.006","19.409","-39.978","-9.094"
"0.35","0.34","1.017","19.287","-33.386","-7.874"
"0.35","0.28","0.994","16.907","-24.841","-6.104"
"0.365","0.289","0.914","14.16","-16.235","-1.099"
"0.391","0.375","0.86","10.681","-10.925","5.188"
"0.426","0.417","0.809","7.324","-7.263","8.484"
"0.442","0.483","0.764","5.554","-5.371","11.108"
"0.442","0.584","0.743","4.944","-5.92","13.428"
"0.432","0.577","0.796","5.493","-8.301","10.559"
"0.418","0.551","0.857","6.042","-9.46","7.202"
"0.404","0.59","0.888","6.592","-7.874","6.531"
"0.412","0.641","0.859","8.057","-4.517","5.859"
"0.411","0.645","0.873","9.827","-3.601","2.563"
"0.401","0.613","0.913","11.597","-4.028","-0.61"
"0.376","0.534","0.912","14.221","-2.38","-3.54"
"0.377","0.453","0.87","17.029","-0.366","-4.639"
"0.388","0.449","0.874","19.104","0.061","-2.014"
"0.382","0.467","0.826","19.531","-0.732","0.854"
"0.41","0.467","0.92","15.686","-3.052","2.38"
"0.41","0.428","0.998","9.521","2.258","2.38"
"0.434","0.388","0.906","2.869","14.709","4.456"
"0.459","0.412","0.669","-0.916","25.818","9.46"
"0.427","0.49","0.645","-0.977","21.79","14.343"
"0.485","0.553","0.759","-3.052","11.169","16.541"
"0.492","0.539","0.776","-2.869","10.498","13.306"
"0.5","0.608","0.82","-2.747","10.437","10.742"
"0.515","0.583","0.861","-5.188","12.268","7.324"
"0.524","0.526","0.876","-7.141","17.822","4.944"
"0.5","0.556","0.783","-6.226","24.353","6.47"
"0.5","0.673","0.726","-2.686","25.269","8.423"
"0.508","0.64","0.673","3.052","22.766","3.235"
"0.489","0.544","0.554","11.78","16.785","-2.075"
"0.459","0.533","0.507","18.616","4.517","-2.869"
"0.455","0.51","0.68","19.592","-10.437","-3.601"
"0.434","0.44","0.892","17.09","-15.808","-5.798"
"0.412","0.381","0.944","14.832","-6.897","-5.92"
"0.388","0.352","0.842","12.207","7.141","-3.296"
"0.368","0.351","0.738","9.521","14.404","0.305"
"0.384","0.399","0.76","8.545","11.719","5.432"
"0.384","0.477","0.833","9.521","7.141","10.132"
"0.385","0.546","0.868","11.108","5.554","11.719"
"0.381","0.556","0.884","12.39","6.409","10.193"
"0.364","0.527","0.921","12.817","7.751","7.324"
"0.345","0.478","0.95","11.658","11.963","5.249"
"0.342","0.484","0.944","9.277","19.409","6.226"
"0.359","0.567","0.899","8.606","27.405","9.521"
"0.369","0.663","0.872","11.047","33.203","11.108"
"0.398","0.67","0.84","14.648","37.048","8.667"
"0.351","0.63","0.785","19.775","40.405","6.042"
"0.344","0.645","0.721","20.447","41.992","6.592"
"0.357","0.654","0.709","19.287","38.94","6.042"
"0.361","0.663","0.737","18.433","33.936","4.578"
"0.362","0.637","0.816","17.395","29.846","1.526"
"0.356","0.614","0.83","18.799","30.579","0.122"
"0.353","0.601","0.769","21.606","34.424","-0.122"
"0.356","0.578","0.732","23.926","36.377","-0.122"
"0.357","0.575","0.738","24.719","36.255","0.488"
"0.358","0.616","0.768","24.536","36.682","2.136"
"0.36","0.648","0.813","24.17","38.147","2.014"
"0.343","0.625","0.824","24.048","41.687","0.061"
"0.333","0.58","0.79","24.048","46.204","-1.892"
"0.33","0.577","0.759","22.888","49.011","-2.075"
"0.331","0.592","0.752","20.996","49.622","-1.77"
"0.331","0.576","0.759","19.348","49.194","-2.38"
"0.318","0.529","0.793","15.015","49.133","-3.662"
"0.31","0.515","0.828","10.315","50.476","-3.296"
"0.308","0.537","0.826","9.094","53.284","-0.793"
"0.333","0.583","0.801","11.169","54.932","1.038"
"0.351","0.574","0.825","15.869","54.077","1.282"
"0.337","0.582","0.833","22.095","53.345","1.282"
"","","","","",""
"1.877","0.717","-0.682","3.235","46.814","17.09"
"2.003","0.572","-1.091","4.883","49.194","-9.399"
"2.189","0.188","-1.575","7.385","45.532","-38.94"
"2.235","-0.091","-2.101","5.554","41.687","-58.105"
"2.26","-0.438","-2.478","1.77","30.518","-70.129"
"2.176","-0.961","-2.685","-6.348","6.714","-81.421"
"2.115","-1.516","-2.957","-16.907","-15.015","-80.933"
"2.048","-1.738","-3.196","-29.236","-47.119","-70.374"
"1.951","-1.955","-3.004","-41.26","-103.149","-49.5"
"1.824","-1.421","-2.526","-47.546","-158.264","23.499"
"1.757","-0.522","-2.089","-54.382","-199.951","71.167"
"1.599","0.126","-1.808","-69.092","-226.44","81.543"
"1.42","0.409","-1.5","-108.459","-236.084","65.186"
"1.087","0.754","-1.138","-171.082","-223.755","45.532"
"0.516","1.305","-0.849","-240.234","-194.702","28.564"
"-0.311","1.833","-0.811","-297.424","-162.537","11.719"
"-1.12","2.026","-0.849","-323.608","-152.283","13.55"
"-2.085","1.732","-0.291","-328.613","-188.171","-35.522"
"-2.937","1.572","0.904","-314.819","-244.019","-67.993"
"-3.186","2.43","2.024","-260.254","-292.786","-26.245"
"-2.743","2.989","2.434","-177.185","-321.045","18.372"
"-2.28","2.843","2.949","-133.85","-330.261","22.949"
"-2.54","2.756","4","-142.273","-325.439","14.893"
"-2.235","2.769","4","-135.132","-279.297","22.644"
"-1.333","3.026","4","-70.74","-197.998","43.518"
"-0.872","3.286","4","8.789","-122.375","53.711"
"-0.679","2.363","3.867","66.284","-57.861","9.094"
"-0.636","0.736","3.104","89.417","0.183","-57.312"
"-0.622","-0.368","2.498","66.65","62.195","-79.59"
"-0.494","-0.577","1.603","28.198","130.798","-54.932"
"-0.284","-0.211","0.591","-2.319","181.274","-10.254"
"-0.019","0.26","-0.135","-15.991","188.232","24.475"
"0.207","0.639","-0.453","-18.066","163.513","42.786"
"0.388","0.896","-0.599","-15.015","132.874","47.119"
"0.481","0.968","-0.673","-8.057","105.408","40.405"
"0.471","0.866","-0.699","-1.648","79.956","27.588"
"0.475","0.774","-0.696","5.493","54.26","17.456"
"0.482","0.713","-0.563","12.268","26.367","10.498"
"0.513","0.511","-0.333","14.587","2.808","2.991"
"0.532","0.435","-0.177","11.353","-9.949","1.709"
"0.538","0.461","-0.093","2.502","-14.16","4.395"
"0.566","0.476","0.094","-8.24","-18.799","5.31"
"0.579","0.579","0.279","-15.259","-24.109","8.606"
"0.586","0.729","0.379","-15.015","-27.039","12.146"
"0.576","0.849","0.433","-9.705","-31.128","11.719"
"0.547","0.944","0.536","-1.343","-39.551","7.507"
"0.469","0.914","0.754","9.888","-51.514","-0.671"
"0.465","0.721","0.803","22.156","-58.96","-12.146"
"0.364","0.519","0.932","31.86","-61.829","-20.752"
"0.335","0.473","1.114","35.278","-58.35","-20.935"
"0.289","0.229","1.136","32.288","-46.692","-26.489"
"0.289","0.072","1.003","24.475","-30.701","-24.78"
"0.328","0.128","0.95","14.343","-20.874","-13.306"
"0.372","0.241","0.917","4.944","-12.451","-1.465"
"0.394","0.315","0.864","-1.648","-3.662","6.287"
"0.424","0.389","0.757","-1.709","1.77","12.939"
"0.461","0.52","0.669","2.93","1.648","17.944"
"0.51","0.636","0.548","7.507","-3.235","18.616"
"0.51","0.647","0.682","11.23","-15.381","14.893"
"0.515","0.649","0.838","14.221","-21.851","11.597"
"0.514","0.68","0.874","15.991","-17.456","7.874"
"0.485","0.682","0.764","17.029","-10.376","2.014"
"0.443","0.554","0.715","19.47","-10.437","-5.981"
"0.424","0.412","0.849","21.301","-17.151","-10.864"
"0.422","0.382","0.988","21.118","-17.761","-7.935"
"0.436","0.426","0.974","20.142","-8.423","-2.441"
"0.459","0.483","0.807","17.7","3.113","1.038"
"0.465","0.508","0.687","13.489","8.301","2.319"
"0.457","0.459","0.738","8.972","4.944","1.587"
"0.447","0.375","0.834","3.967","2.991","1.16"
"0.438","0.349","0.841","-0.854","7.751","4.272"
"0.442","0.396","0.752","-5.249","14.771","8.911"
"0.462","0.464","0.678","-8.057","17.578","12.695"
"0.479","0.504","0.733","-9.888","14.526","13.672"
"0.495","0.531","0.794","-11.108","13.306","13.245"
"0.5","0.551","0.8","-11.597","16.479","12.634"
"0.521","0.533","0.789","-11.963","20.325","11.292"
"0.53","0.555","0.747","-10.559","22.888","10.742"
"0.548","0.568","0.712","-7.385","23.743","10.498"
"0.565","0.566","0.682","-4.089","23.743","9.094"
"0.571","0.575","0.609","-1.221","25.635","8.057"
"0.58","0.59","0.502","1.16","27.161","6.836"
"0.561","0.601","0.409","3.296","25.513","4.639"
"0.546","0.562","0.405","5.127","18.677","1.282"
"0.527","0.506","0.472","6.226","10.071","-1.404"
"0.506","0.473","0.529","6.958","4.395","-2.197"
"0.501","0.479","0.521","7.324","3.052","-1.343"
"0.49","0.48","0.501","7.507","1.404","-0.732"
"0.458","0.452","0.524","8.545","-3.235","-1.038"
"0.451","0.433","0.616","10.742","-10.193","-1.221"
"0.434","0.427","0.721","13.306","-14.465","-0.671"
"0.415","0.394","0.793","15.259","-13.916","-0.549"
"0.404","0.375","0.802","17.273","-10.254","0.427"
"0.402","0.412","0.764","19.226","-6.348","3.418"
"0.381","0.432","0.776","19.958","-5.676","5.31"
"0.374","0.39","0.852","19.165","-6.348","5.188"
"0.37","0.376","0.9","17.273","-3.967","6.47"
"0.373","0.392","0.904","14.832","1.526","9.888"
"0.376","0.421","0.872","9.705","8.728","12.695"
"0.38","0.471","0.811","3.54","15.747","14.648"
"0.386","0.519","0.804","-2.136","19.409","15.869"
"0.384","0.529","0.846","-5.981","21.057","15.564"
"0.382","0.541","0.846","-6.836","24.719","15.93"
"0.397","0.62","0.743","-4.517","29.236","18.677"
"0.415","0.701","0.669","-1.526","28.992","20.386"
"0.424","0.757","0.677","1.16","24.109","19.165"
"0.428","0.792","0.743","3.906","17.7","16.724"
"0.436","0.803","0.815","5.981","14.771","13.916"
"0.42","0.819","0.804","9.644","16.602","10.925"
"0.411","0.819","0.755","14.526","18.127","8.057"
"0.406","0.831","0.758","20.569","14.404","5.432"
"0.392","0.812","0.855","25.818","9.094","2.319"
"0.373","0.753","0.983","29.358","7.751","-0.427"
"0.355","0.644","1.079","30.579","12.817","-2.197"
"0.33","0.555","1.118","27.161","23.621","-1.892"
"0.291","0.522","1.146","19.287","37.72","1.282"
"0.29","0.549","1.127","9.888","53.528","6.348"
"0.287","0.627","1.02","2.625","69.58","11.658"
"0.31","0.732","0.915","-2.38","81.055","15.32"
